[
  {
    "filename": "Naveen A - Participation Certificate.pdf",
    "path": "/uploads/Naveen A - Participation Certificate.pdf",
    "status": "scanned",
    "uploadedAt": "2025-08-01T07:38:55.477Z",
    "scanResult": "clean",
    "scannedAt": "2025-08-01T07:39:00.505Z"
  },
  {
    "filename": "Naveen_A_FullStack_Developer_Resume.pdf",
    "path": "/uploads/Naveen_A_FullStack_Developer_Resume.pdf",
    "status": "scanned",
    "uploadedAt": "2025-08-01T07:53:20.723Z",
    "scanResult": "clean",
    "scannedAt": "2025-08-01T07:53:25.762Z"
  }
]